{
  "val": {
    "pr_auc": 0.8047400907283899,
    "roc_auc": 0.9602996430075686,
    "threshold": 0.2653633952140808,
    "f2": 0.7514295925661186,
    "recall": 0.8533120742136542,
    "precision": 0.5085521769177609,
    "tp": 5887,
    "fp": 5689,
    "fn": 1012,
    "tn": 63275,
    "fn_rate": 0.14668792578634585,
    "best_fbeta_on_sweep": 0.7514295925661186,
    "best_threshold_on_sweep": 0.2653633952140808
  },
  "test": {
    "pr_auc": 0.7296682956368115,
    "roc_auc": 0.9486565253047577,
    "threshold": 0.2653633952140808,
    "f2": 0.6872706745695738,
    "recall": 0.7321106434155141,
    "precision": 0.552029018363183,
    "tp": 2435,
    "fp": 1976,
    "fn": 891,
    "tn": 31277,
    "fn_rate": 0.26788935658448587,
    "best_fbeta_on_sweep": 0.7069304931603656,
    "best_threshold_on_sweep": 0.16428613662719727
  },
  "operating_threshold": 0.2653633952140808
}