{
  "checkpoint": "runs/baseline-20260526-190623.json",
  "model_type": "xgboost",
  "beta": 5.0,
  "operating_threshold": 0.10680651664733887,
  "val": {
    "pr_auc": 0.8047400907283898,
    "roc_auc": 0.9602996419566686,
    "threshold": 0.10680651664733887,
    "f5": 0.8788596119455442,
    "recall": 0.9479634729670967,
    "precision": 0.3113840879874304,
    "tp": 6540,
    "fp": 14463,
    "fn": 359,
    "tn": 54501,
    "fn_rate": 0.05203652703290332,
    "best_fbeta_on_sweep": 0.8788596119455442,
    "best_threshold_on_sweep": 0.10680651664733887
  },
  "test": {
    "pr_auc": 0.7296682956368115,
    "roc_auc": 0.9486565253047577,
    "threshold": 0.10680651664733887,
    "f5": 0.858055861534938,
    "recall": 0.9098015634395671,
    "precision": 0.3542910666198337,
    "tp": 3026,
    "fp": 5515,
    "fn": 300,
    "tn": 27738,
    "fn_rate": 0.09019843656043296,
    "best_fbeta_on_sweep": 0.881936887921654,
    "best_threshold_on_sweep": 0.04932337999343872
  }
}