{
  "checkpoint": "runs/ensemble-focal-dual-h128-l2-lr3e-4-a0.75-g2.0-xw0.5-e50-best_pr_auc.pt",
  "model_type": "lstm",
  "beta": 5.0,
  "operating_threshold": 0.19930513203144073,
  "val": {
    "pr_auc": 0.7447909165846497,
    "roc_auc": 0.9528885633817036,
    "threshold": 0.19930513203144073,
    "f5": 0.8730469356692449,
    "recall": 0.9401362516306712,
    "precision": 0.3135908717304066,
    "tp": 6486,
    "fp": 14197,
    "fn": 413,
    "tn": 54767,
    "fn_rate": 0.05986374836932889,
    "best_fbeta_on_sweep": 0.873046935669245,
    "best_threshold_on_sweep": 0.19930513203144073
  },
  "test": {
    "pr_auc": 0.5857443746714703,
    "roc_auc": 0.9178147612957087,
    "threshold": 0.19930513203144073,
    "f5": 0.7748826884402783,
    "recall": 0.8153938665063138,
    "precision": 0.34560978717981394,
    "tp": 2712,
    "fp": 5135,
    "fn": 614,
    "tn": 28118,
    "fn_rate": 0.1846061334936861,
    "best_fbeta_on_sweep": 0.846408907628385,
    "best_threshold_on_sweep": 0.0633649155497551
  }
}