{
  "val": {
    "pr_auc": 0.7000203490037122,
    "roc_auc": 0.9483048431384956,
    "threshold": 0.45060625672340393,
    "f2": 0.7300230599558853,
    "recall": 0.8443252645310915,
    "precision": 0.4735772357723577,
    "tp": 5825,
    "fp": 6475,
    "fn": 1074,
    "tn": 62489,
    "fn_rate": 0.15567473546890853,
    "best_fbeta_on_sweep": 0.7300230599558852,
    "best_threshold_on_sweep": 0.45060625672340393
  },
  "test": {
    "pr_auc": 0.6145339300401464,
    "roc_auc": 0.935242090383103,
    "threshold": 0.45060625672340393,
    "f2": 0.6491587085038654,
    "recall": 0.6867107636800962,
    "precision": 0.5326492537313433,
    "tp": 2284,
    "fp": 2004,
    "fn": 1042,
    "tn": 31249,
    "fn_rate": 0.3132892363199038,
    "best_fbeta_on_sweep": 0.6923391006992293,
    "best_threshold_on_sweep": 0.3248310685157776
  },
  "operating_threshold": 0.45060625672340393,
  "selection_meta": {
    "epoch": 2,
    "criterion": "min val FN at F2-optimal threshold",
    "val_fn_at_pick": 1074,
    "threshold_at_pick": 0.45060625672340393
  }
}