{
  "val": {
    "pr_auc": 0.7698183711718023,
    "roc_auc": 0.9547783286483789,
    "threshold": 0.4810561537742615,
    "f2": 0.7681104698203787,
    "recall": 0.8256269024496303,
    "precision": 0.6007171482809534,
    "tp": 5696,
    "fp": 3786,
    "fn": 1203,
    "tn": 65178,
    "fn_rate": 0.17437309755036962,
    "best_fbeta_on_sweep": 0.7681104698203787,
    "best_threshold_on_sweep": 0.4810561537742615
  },
  "test": {
    "pr_auc": 0.650725531449007,
    "roc_auc": 0.9317131496768907,
    "threshold": 0.4810561537742615,
    "f2": 0.5975609756097561,
    "recall": 0.5892964521948286,
    "precision": 0.6330749354005168,
    "tp": 1960,
    "fp": 1136,
    "fn": 1366,
    "tn": 32117,
    "fn_rate": 0.4107035478051714,
    "best_fbeta_on_sweep": 0.6685711290491665,
    "best_threshold_on_sweep": 0.21109674870967865
  },
  "operating_threshold": 0.4810561537742615,
  "selection_meta": {
    "epoch": 16,
    "criterion": "max val PR-AUC",
    "val_pr_auc_at_pick": 0.7698183711718023
  }
}