{
  "val": {
    "pr_auc": 0.7663517913283858,
    "roc_auc": 0.9546104189897338,
    "threshold": 0.4820784330368042,
    "f2": 0.7677303056392596,
    "recall": 0.8272213364255689,
    "precision": 0.5962181362306728,
    "tp": 5707,
    "fp": 3865,
    "fn": 1192,
    "tn": 65099,
    "fn_rate": 0.17277866357443109,
    "best_fbeta_on_sweep": 0.7677303056392596,
    "best_threshold_on_sweep": 0.4820784330368042
  },
  "test": {
    "pr_auc": 0.6519064538444479,
    "roc_auc": 0.9322627227951292,
    "threshold": 0.4820784330368042,
    "f2": 0.5990361739766974,
    "recall": 0.5904990980156344,
    "precision": 0.6358044674651991,
    "tp": 1964,
    "fp": 1125,
    "fn": 1362,
    "tn": 32128,
    "fn_rate": 0.4095009019843656,
    "best_fbeta_on_sweep": 0.6681520052070296,
    "best_threshold_on_sweep": 0.16145414113998413
  },
  "operating_threshold": 0.4820784330368042,
  "selection_meta": {
    "epoch": 16,
    "criterion": "max val PR-AUC",
    "val_pr_auc_at_pick": 0.7663517913283858
  }
}