{
  "val": {
    "pr_auc": 0.7773561182097272,
    "roc_auc": 0.956626475120038,
    "threshold": 0.45945122838020325,
    "f2": 0.758720076859438,
    "recall": 0.824177417016959,
    "precision": 0.5757974683544304,
    "tp": 5686,
    "fp": 4189,
    "fn": 1213,
    "tn": 64775,
    "fn_rate": 0.17582258298304101,
    "best_fbeta_on_sweep": 0.758720076859438,
    "best_threshold_on_sweep": 0.45945122838020325
  },
  "test": {
    "pr_auc": 0.6814851434056848,
    "roc_auc": 0.9412551070087328,
    "threshold": 0.45945122838020325,
    "f2": 0.6243596697402519,
    "recall": 0.6229705351773902,
    "precision": 0.6299787169352387,
    "tp": 2072,
    "fp": 1217,
    "fn": 1254,
    "tn": 32036,
    "fn_rate": 0.37702946482260974,
    "best_fbeta_on_sweep": 0.7021473814305578,
    "best_threshold_on_sweep": 0.23537838459014893
  },
  "operating_threshold": 0.45945122838020325,
  "selection_meta": {
    "epoch": 5,
    "criterion": "max val PR-AUC",
    "val_pr_auc_at_pick": 0.7773561182097272
  }
}