{
  "val": {
    "pr_auc": 0.7011236042660794,
    "roc_auc": 0.9484061751257353,
    "threshold": 0.45950764417648315,
    "f2": 0.7314728132985856,
    "recall": 0.8380924771706044,
    "precision": 0.4847824264274336,
    "tp": 5782,
    "fp": 6145,
    "fn": 1117,
    "tn": 62819,
    "fn_rate": 0.16190752282939558,
    "best_fbeta_on_sweep": 0.7314728132985857,
    "best_threshold_on_sweep": 0.45950764417648315
  },
  "test": {
    "pr_auc": 0.6151147423937933,
    "roc_auc": 0.9346284301631153,
    "threshold": 0.45950764417648315,
    "f2": 0.6378884485036476,
    "recall": 0.6677690920024053,
    "precision": 0.541047503045067,
    "tp": 2221,
    "fp": 1884,
    "fn": 1105,
    "tn": 31369,
    "fn_rate": 0.3322309079975947,
    "best_fbeta_on_sweep": 0.6902160101651843,
    "best_threshold_on_sweep": 0.317173033952713
  },
  "operating_threshold": 0.45950764417648315,
  "selection_meta": {
    "epoch": 2,
    "criterion": "min val FN at F2-optimal threshold",
    "val_fn_at_pick": 1117,
    "threshold_at_pick": 0.45950764417648315
  }
}