{
  "val": {
    "pr_auc": 0.7631573856776412,
    "roc_auc": 0.95467054413478,
    "threshold": 0.43302953243255615,
    "f2": 0.7534976855463671,
    "recall": 0.8399768082330773,
    "precision": 0.5337078651685393,
    "tp": 5795,
    "fp": 5063,
    "fn": 1104,
    "tn": 63901,
    "fn_rate": 0.16002319176692273,
    "best_fbeta_on_sweep": 0.753497685546367,
    "best_threshold_on_sweep": 0.43302953243255615
  },
  "test": {
    "pr_auc": 0.6777702080111685,
    "roc_auc": 0.9410322895014025,
    "threshold": 0.43302953243255615,
    "f2": 0.6464124111182935,
    "recall": 0.6614552014431749,
    "precision": 0.5925127928898465,
    "tp": 2200,
    "fp": 1513,
    "fn": 1126,
    "tn": 31740,
    "fn_rate": 0.338544798556825,
    "best_fbeta_on_sweep": 0.7006965381016736,
    "best_threshold_on_sweep": 0.25944197177886963
  },
  "operating_threshold": 0.43302953243255615,
  "selection_meta": {
    "epoch": 7,
    "criterion": "min val FN at F2-optimal threshold",
    "val_fn_at_pick": 1104,
    "threshold_at_pick": 0.43302953243255615
  }
}