{
  "val": {
    "pr_auc": 0.7876770238751584,
    "roc_auc": 0.9552555329068377,
    "threshold": 0.4086339771747589,
    "f2": 0.75608830069968,
    "recall": 0.8082330772575735,
    "precision": 0.6009915930157361,
    "tp": 5576,
    "fp": 3702,
    "fn": 1323,
    "tn": 65262,
    "fn_rate": 0.19176692274242643,
    "best_fbeta_on_sweep": 0.75608830069968,
    "best_threshold_on_sweep": 0.4086339771747589
  },
  "test": {
    "pr_auc": 0.6777666231360818,
    "roc_auc": 0.9339180244593922,
    "threshold": 0.4086339771747589,
    "f2": 0.5989376640820563,
    "recall": 0.5898977751052316,
    "precision": 0.6380487804878049,
    "tp": 1962,
    "fp": 1113,
    "fn": 1364,
    "tn": 32140,
    "fn_rate": 0.4101022248947685,
    "best_fbeta_on_sweep": 0.6810323837350865,
    "best_threshold_on_sweep": 0.11729418486356735
  },
  "operating_threshold": 0.4086339771747589
}