{
  "val": {
    "pr_auc": 0.7562266838441631,
    "roc_auc": 0.9522216727135875,
    "threshold": 0.36912935972213745,
    "f2": 0.7501369577126757,
    "recall": 0.8335990723293231,
    "precision": 0.5356244761106455,
    "tp": 5751,
    "fp": 4986,
    "fn": 1148,
    "tn": 63978,
    "fn_rate": 0.1664009276706769,
    "best_fbeta_on_sweep": 0.7501369577126757,
    "best_threshold_on_sweep": 0.36912935972213745
  },
  "test": {
    "pr_auc": 0.6657909888543907,
    "roc_auc": 0.931431204404057,
    "threshold": 0.36912935972213745,
    "f2": 0.6401515151515151,
    "recall": 0.6605532170775706,
    "precision": 0.5697614107883817,
    "tp": 2197,
    "fp": 1659,
    "fn": 1129,
    "tn": 31594,
    "fn_rate": 0.33944678292242936,
    "best_fbeta_on_sweep": 0.6788882897897163,
    "best_threshold_on_sweep": 0.1538715362548828
  },
  "operating_threshold": 0.36912935972213745
}