{
  "checkpoint": "runs/lstm-focal-dual-h128-l2-lr3e-4-a0.75-g2.0-e50-best_fn.pt",
  "beta": 5.0,
  "operating_threshold": 0.17659404873847961,
  "val": {
    "pr_auc": 0.7082136506105077,
    "roc_auc": 0.9487376132406816,
    "threshold": 0.17659404873847961,
    "f5": 0.8723405349529691,
    "recall": 0.9456442962748225,
    "precision": 0.296923356999818,
    "tp": 6524,
    "fp": 15448,
    "fn": 375,
    "tn": 53516,
    "fn_rate": 0.05435570372517756,
    "best_fbeta_on_sweep": 0.8723405349529691,
    "best_threshold_on_sweep": 0.17659404873847961
  },
  "test": {
    "pr_auc": 0.5547894605746875,
    "roc_auc": 0.9163964499000621,
    "threshold": 0.17659404873847961,
    "f5": 0.796542930008501,
    "recall": 0.8451593505712568,
    "precision": 0.32670850767085075,
    "tp": 2811,
    "fp": 5793,
    "fn": 515,
    "tn": 27460,
    "fn_rate": 0.15484064942874323,
    "best_fbeta_on_sweep": 0.8484455558642833,
    "best_threshold_on_sweep": 0.06026359647512436
  }
}