{
  "val": {
    "pr_auc": 0.7427834093022374,
    "roc_auc": 0.9526172367501027,
    "threshold": 0.49839138984680176,
    "f2": 0.7473639590950034,
    "recall": 0.8177996811132048,
    "precision": 0.5558620689655173,
    "tp": 5642,
    "fp": 4508,
    "fn": 1257,
    "tn": 64456,
    "fn_rate": 0.1822003188867952,
    "best_fbeta_on_sweep": 0.7473639590950034,
    "best_threshold_on_sweep": 0.49839138984680176
  },
  "test": {
    "pr_auc": 0.6515535118947445,
    "roc_auc": 0.9356582225460413,
    "threshold": 0.49839138984680176,
    "f2": 0.6274159976211716,
    "recall": 0.6343956704750451,
    "precision": 0.6009683850754771,
    "tp": 2110,
    "fp": 1401,
    "fn": 1216,
    "tn": 31852,
    "fn_rate": 0.3656043295249549,
    "best_fbeta_on_sweep": 0.6850122850122851,
    "best_threshold_on_sweep": 0.2422863394021988
  },
  "operating_threshold": 0.49839138984680176
}