{
  "val": {
    "pr_auc": 0.7889961861849586,
    "roc_auc": 0.9587170148428873,
    "threshold": 0.47089117765426636,
    "f2": 0.76246607418445,
    "recall": 0.8307001014639803,
    "precision": 0.5739034648507911,
    "tp": 5731,
    "fp": 4255,
    "fn": 1168,
    "tn": 64709,
    "fn_rate": 0.1692998985360197,
    "best_fbeta_on_sweep": 0.7624660741844501,
    "best_threshold_on_sweep": 0.47089117765426636
  },
  "test": {
    "pr_auc": 0.6882569043214404,
    "roc_auc": 0.9408600870611704,
    "threshold": 0.47089117765426636,
    "f2": 0.6203279479141548,
    "recall": 0.6187612748045701,
    "precision": 0.6266747868453106,
    "tp": 2058,
    "fp": 1226,
    "fn": 1268,
    "tn": 32027,
    "fn_rate": 0.38123872519542995,
    "best_fbeta_on_sweep": 0.6963436385255648,
    "best_threshold_on_sweep": 0.2288096845149994
  },
  "operating_threshold": 0.47089117765426636
}