{
  "val": {
    "pr_auc": 0.7731749100667487,
    "roc_auc": 0.9567387869110885,
    "threshold": 0.4669222831726074,
    "f2": 0.7611604753238411,
    "recall": 0.8244673141034933,
    "precision": 0.5823095823095823,
    "tp": 5688,
    "fp": 4080,
    "fn": 1211,
    "tn": 64884,
    "fn_rate": 0.17553268589650675,
    "best_fbeta_on_sweep": 0.7611604753238411,
    "best_threshold_on_sweep": 0.4669222831726074
  },
  "test": {
    "pr_auc": 0.6700525829726047,
    "roc_auc": 0.9342977911704069,
    "threshold": 0.4669222831726074,
    "f2": 0.6122941424865778,
    "recall": 0.6103427540589297,
    "precision": 0.6202260922700886,
    "tp": 2030,
    "fp": 1243,
    "fn": 1296,
    "tn": 32010,
    "fn_rate": 0.3896572459410704,
    "best_fbeta_on_sweep": 0.6810847387049761,
    "best_threshold_on_sweep": 0.23577800393104553
  },
  "operating_threshold": 0.4669222831726074
}