{
  "val": {
    "pr_auc": 0.7439829223401209,
    "roc_auc": 0.9510144186934976,
    "threshold": 0.4860762655735016,
    "f2": 0.7463707132337472,
    "recall": 0.8227279315842876,
    "precision": 0.5443037974683544,
    "tp": 5676,
    "fp": 4752,
    "fn": 1223,
    "tn": 64212,
    "fn_rate": 0.1772720684157124,
    "best_fbeta_on_sweep": 0.7463707132337472,
    "best_threshold_on_sweep": 0.4860762655735016
  },
  "test": {
    "pr_auc": 0.6436939115899902,
    "roc_auc": 0.9353046132821713,
    "threshold": 0.4860762655735016,
    "f2": 0.6295058906277475,
    "recall": 0.6458208057727,
    "precision": 0.5717327655043918,
    "tp": 2148,
    "fp": 1609,
    "fn": 1178,
    "tn": 31644,
    "fn_rate": 0.35417919422730004,
    "best_fbeta_on_sweep": 0.684057542615036,
    "best_threshold_on_sweep": 0.24366603791713715
  },
  "operating_threshold": 0.4860762655735016
}