{
  "checkpoint": "runs/lstm-focal-dual-h128-l2-lr3e-4-a0.75-g2.0-e50-best_pr_auc.pt",
  "beta": 5.0,
  "operating_threshold": 0.3732323944568634,
  "val": {
    "pr_auc": 0.7760772878914841,
    "roc_auc": 0.9544219232498431,
    "threshold": 0.3732323944568634,
    "f5": 0.8687661065869497,
    "recall": 0.9397014060008697,
    "precision": 0.30090508238570435,
    "tp": 6483,
    "fp": 15062,
    "fn": 416,
    "tn": 53902,
    "fn_rate": 0.06029859399913031,
    "best_fbeta_on_sweep": 0.8687661065869497,
    "best_threshold_on_sweep": 0.3732323944568634
  },
  "test": {
    "pr_auc": 0.6891893997723507,
    "roc_auc": 0.9408869633182174,
    "threshold": 0.3732323944568634,
    "f5": 0.8375162812079288,
    "recall": 0.8848466626578473,
    "precision": 0.358334347984902,
    "tp": 2943,
    "fp": 5270,
    "fn": 383,
    "tn": 27983,
    "fn_rate": 0.11515333734215273,
    "best_fbeta_on_sweep": 0.8744955356209356,
    "best_threshold_on_sweep": 0.2952078878879547
  }
}