{
  "val": {
    "pr_auc": 0.7624377389384411,
    "roc_auc": 0.9471496591145037,
    "threshold": 0.5126054883003235,
    "f2": 0.7704750094354882,
    "recall": 0.8285258733149732,
    "precision": 0.6018109075594862,
    "tp": 5716,
    "fp": 3782,
    "fn": 1183,
    "tn": 65182,
    "fn_rate": 0.17147412668502682,
    "best_fbeta_on_sweep": 0.7704750094354883,
    "best_threshold_on_sweep": 0.5126054883003235
  },
  "test": {
    "pr_auc": 0.6214359375027101,
    "roc_auc": 0.9169190699073643,
    "threshold": 0.5126054883003235,
    "f2": 0.5807528840315725,
    "recall": 0.5751653638003608,
    "precision": 0.6042324699936829,
    "tp": 1913,
    "fp": 1253,
    "fn": 1413,
    "tn": 32000,
    "fn_rate": 0.4248346361996392,
    "best_fbeta_on_sweep": 0.6441015430562468,
    "best_threshold_on_sweep": 0.1935756951570511
  },
  "operating_threshold": 0.5126054883003235
}