{
  "val": {
    "pr_auc": 0.7643515171716022,
    "roc_auc": 0.955521603987246,
    "threshold": 0.36907634139060974,
    "f2": 0.7553453414539328,
    "recall": 0.84490505870416,
    "precision": 0.5304395304395304,
    "tp": 5829,
    "fp": 5160,
    "fn": 1070,
    "tn": 63804,
    "fn_rate": 0.15509494129583998,
    "best_fbeta_on_sweep": 0.7553453414539328,
    "best_threshold_on_sweep": 0.36907634139060974
  },
  "test": {
    "pr_auc": 0.6418480302978754,
    "roc_auc": 0.937516305456704,
    "threshold": 0.36907634139060974,
    "f2": 0.6387242941791565,
    "recall": 0.6611545399879736,
    "precision": 0.5624040920716112,
    "tp": 2199,
    "fp": 1711,
    "fn": 1127,
    "tn": 31542,
    "fn_rate": 0.3388454600120265,
    "best_fbeta_on_sweep": 0.6918937598736178,
    "best_threshold_on_sweep": 0.16986975073814392
  },
  "operating_threshold": 0.36907634139060974
}