{
  "val": {
    "pr_auc": 0.7524298910415236,
    "roc_auc": 0.9481778040340254,
    "threshold": 0.4574444890022278,
    "f2": 0.7508559388991309,
    "recall": 0.8264965937092332,
    "precision": 0.5496433391170233,
    "tp": 5702,
    "fp": 4672,
    "fn": 1197,
    "tn": 64292,
    "fn_rate": 0.17350340629076677,
    "best_fbeta_on_sweep": 0.750855938899131,
    "best_threshold_on_sweep": 0.4574444890022278
  },
  "test": {
    "pr_auc": 0.6442781814810996,
    "roc_auc": 0.9290781598444796,
    "threshold": 0.4574444890022278,
    "f2": 0.6185475258098968,
    "recall": 0.6268791340950091,
    "precision": 0.5873239436619718,
    "tp": 2085,
    "fp": 1465,
    "fn": 1241,
    "tn": 31788,
    "fn_rate": 0.373120865904991,
    "best_fbeta_on_sweep": 0.683097520158223,
    "best_threshold_on_sweep": 0.22527426481246948
  },
  "operating_threshold": 0.4574444890022278
}