{
  "val": {
    "pr_auc": 0.7568235556625722,
    "roc_auc": 0.9544973263799396,
    "threshold": 0.47042250633239746,
    "f2": 0.7476400750945292,
    "recall": 0.8196840121756777,
    "precision": 0.5531644331409566,
    "tp": 5655,
    "fp": 4568,
    "fn": 1244,
    "tn": 64396,
    "fn_rate": 0.18031598782432237,
    "best_fbeta_on_sweep": 0.7476400750945291,
    "best_threshold_on_sweep": 0.47042250633239746
  },
  "test": {
    "pr_auc": 0.6554653726624766,
    "roc_auc": 0.9383858213146359,
    "threshold": 0.47042250633239746,
    "f2": 0.6191931906731403,
    "recall": 0.6211665664461816,
    "precision": 0.611423498076354,
    "tp": 2066,
    "fp": 1313,
    "fn": 1260,
    "tn": 31940,
    "fn_rate": 0.3788334335538184,
    "best_fbeta_on_sweep": 0.6872276231981227,
    "best_threshold_on_sweep": 0.2230580449104309
  },
  "operating_threshold": 0.47042250633239746,
  "selection_meta": {
    "epoch": 0,
    "criterion": "max val PR-AUC",
    "val_pr_auc_at_pick": 0.7568235556625722
  }
}