{
  "val": {
    "pr_auc": 0.7082331786727221,
    "roc_auc": 0.9487393966180808,
    "threshold": 0.38004034757614136,
    "f2": 0.7413006778038148,
    "recall": 0.8528772285838527,
    "precision": 0.4866429575717476,
    "tp": 5884,
    "fp": 6207,
    "fn": 1015,
    "tn": 62757,
    "fn_rate": 0.14712277141614727,
    "best_fbeta_on_sweep": 0.7413006778038148,
    "best_threshold_on_sweep": 0.38004034757614136
  },
  "test": {
    "pr_auc": 0.5548623759292786,
    "roc_auc": 0.9164053604303629,
    "threshold": 0.38004034757614136,
    "f2": 0.5913272010512484,
    "recall": 0.6223692122669874,
    "precision": 0.4929745177423196,
    "tp": 2070,
    "fp": 2129,
    "fn": 1256,
    "tn": 31124,
    "fn_rate": 0.3776307877330126,
    "best_fbeta_on_sweep": 0.6457672603073921,
    "best_threshold_on_sweep": 0.22431179881095886
  },
  "operating_threshold": 0.38004034757614136,
  "selection_meta": {
    "epoch": 14,
    "criterion": "min val FN at F2-optimal threshold",
    "val_fn_at_pick": 1015,
    "threshold_at_pick": 0.38004034757614136
  }
}