{
  "val": {
    "pr_auc": 0.7624006805464486,
    "roc_auc": 0.9566835158734124,
    "threshold": 0.46088406443595886,
    "f2": 0.7553409269854601,
    "recall": 0.8343238150456588,
    "precision": 0.5478774033885399,
    "tp": 5756,
    "fp": 4750,
    "fn": 1143,
    "tn": 64214,
    "fn_rate": 0.16567618495434122,
    "best_fbeta_on_sweep": 0.7553409269854602,
    "best_threshold_on_sweep": 0.46088406443595886
  },
  "test": {
    "pr_auc": 0.6517990483357943,
    "roc_auc": 0.9380762131625975,
    "threshold": 0.46088406443595886,
    "f2": 0.6191436365792907,
    "recall": 0.6277811184606134,
    "precision": 0.5868465430016864,
    "tp": 2088,
    "fp": 1470,
    "fn": 1238,
    "tn": 31783,
    "fn_rate": 0.37221888153938665,
    "best_fbeta_on_sweep": 0.6957383548067394,
    "best_threshold_on_sweep": 0.26090577244758606
  },
  "operating_threshold": 0.46088406443595886
}