{
  "val": {
    "pr_auc": 0.7569999983163429,
    "roc_auc": 0.945957127153333,
    "threshold": 0.31704699993133545,
    "f2": 0.7573117938971597,
    "recall": 0.8317147412668503,
    "precision": 0.5577371695178849,
    "tp": 5738,
    "fp": 4550,
    "fn": 1161,
    "tn": 64414,
    "fn_rate": 0.16828525873314973,
    "best_fbeta_on_sweep": 0.7573117938971597,
    "best_threshold_on_sweep": 0.31704699993133545
  },
  "test": {
    "pr_auc": 0.6241567568041302,
    "roc_auc": 0.9201352921394439,
    "threshold": 0.31704699993133545,
    "f2": 0.6076583210603829,
    "recall": 0.6202645820805772,
    "precision": 0.5619722146554073,
    "tp": 2063,
    "fp": 1608,
    "fn": 1263,
    "tn": 31645,
    "fn_rate": 0.3797354179194227,
    "best_fbeta_on_sweep": 0.65587064432103,
    "best_threshold_on_sweep": 0.07916156947612762
  },
  "operating_threshold": 0.31704699993133545
}