{
  "val": {
    "pr_auc": 0.7647092493454954,
    "roc_auc": 0.9498385130221524,
    "threshold": 0.4260692000389099,
    "f2": 0.7520654570570889,
    "recall": 0.8206986519785476,
    "precision": 0.5635513088484124,
    "tp": 5662,
    "fp": 4385,
    "fn": 1237,
    "tn": 64579,
    "fn_rate": 0.1793013480214524,
    "best_fbeta_on_sweep": 0.7520654570570889,
    "best_threshold_on_sweep": 0.4260692000389099
  },
  "test": {
    "pr_auc": 0.6525208812901712,
    "roc_auc": 0.9311257780077405,
    "threshold": 0.4260692000389099,
    "f2": 0.6099676917554147,
    "recall": 0.6130487071557427,
    "precision": 0.5979472140762463,
    "tp": 2039,
    "fp": 1371,
    "fn": 1287,
    "tn": 31882,
    "fn_rate": 0.3869512928442574,
    "best_fbeta_on_sweep": 0.6700436330808968,
    "best_threshold_on_sweep": 0.18394817411899567
  },
  "operating_threshold": 0.4260692000389099
}