{
  "val": {
    "pr_auc": 0.7583413197562053,
    "roc_auc": 0.954326568782136,
    "threshold": 0.4574613571166992,
    "f2": 0.7525245901639345,
    "recall": 0.8317147412668503,
    "precision": 0.5449710323867414,
    "tp": 5738,
    "fp": 4791,
    "fn": 1161,
    "tn": 64173,
    "fn_rate": 0.16828525873314973,
    "best_fbeta_on_sweep": 0.7525245901639345,
    "best_threshold_on_sweep": 0.4574613571166992
  },
  "test": {
    "pr_auc": 0.6720428674328272,
    "roc_auc": 0.9351808468752447,
    "threshold": 0.4574613571166992,
    "f2": 0.6382284935080335,
    "recall": 0.6473241130487072,
    "precision": 0.6042660679202919,
    "tp": 2153,
    "fp": 1410,
    "fn": 1173,
    "tn": 31843,
    "fn_rate": 0.35267588695129287,
    "best_fbeta_on_sweep": 0.6820865636391642,
    "best_threshold_on_sweep": 0.2627328336238861
  },
  "operating_threshold": 0.4574613571166992
}