{
  "val": {
    "pr_auc": 0.773847671929683,
    "roc_auc": 0.9561968377509263,
    "threshold": 0.3839060068130493,
    "f2": 0.7678841410042174,
    "recall": 0.8392520655167416,
    "precision": 0.5729836714497774,
    "tp": 5790,
    "fp": 4315,
    "fn": 1109,
    "tn": 64649,
    "fn_rate": 0.16074793448325844,
    "best_fbeta_on_sweep": 0.7678841410042174,
    "best_threshold_on_sweep": 0.3839060068130493
  },
  "test": {
    "pr_auc": 0.6495660420837545,
    "roc_auc": 0.9335774035027544,
    "threshold": 0.3839060068130493,
    "f2": 0.613487730245395,
    "recall": 0.6148526758869512,
    "precision": 0.608088016651799,
    "tp": 2045,
    "fp": 1318,
    "fn": 1281,
    "tn": 31935,
    "fn_rate": 0.3851473241130487,
    "best_fbeta_on_sweep": 0.6793934604366295,
    "best_threshold_on_sweep": 0.11243515461683273
  },
  "operating_threshold": 0.3839060068130493
}