{
  "val": {
    "pr_auc": 0.7983232151497646,
    "roc_auc": 0.9595769316810461,
    "threshold": 0.44814085960388184,
    "f2": 0.7767780862879111,
    "recall": 0.8434555732714886,
    "precision": 0.5901622718052738,
    "tp": 5819,
    "fp": 4041,
    "fn": 1080,
    "tn": 64923,
    "fn_rate": 0.15654442672851138,
    "best_fbeta_on_sweep": 0.7767780862879111,
    "best_threshold_on_sweep": 0.44814085960388184
  },
  "test": {
    "pr_auc": 0.683444388872175,
    "roc_auc": 0.9348115277723101,
    "threshold": 0.44814085960388184,
    "f2": 0.6259018759018758,
    "recall": 0.6259771497294047,
    "precision": 0.6256009615384616,
    "tp": 2082,
    "fp": 1246,
    "fn": 1244,
    "tn": 32007,
    "fn_rate": 0.3740228502705953,
    "best_fbeta_on_sweep": 0.6755935807219157,
    "best_threshold_on_sweep": 0.19645987451076508
  },
  "operating_threshold": 0.44814085960388184
}