{
  "val": {
    "pr_auc": 0.7197725887634501,
    "roc_auc": 0.9493262475850422,
    "threshold": 0.46175485849380493,
    "f2": 0.742606906376131,
    "recall": 0.8160602985939991,
    "precision": 0.5460188148579187,
    "tp": 5630,
    "fp": 4681,
    "fn": 1269,
    "tn": 64283,
    "fn_rate": 0.18393970140600088,
    "best_fbeta_on_sweep": 0.7426069063761309,
    "best_threshold_on_sweep": 0.46175485849380493
  },
  "test": {
    "pr_auc": 0.6495062963591057,
    "roc_auc": 0.9359513071119558,
    "threshold": 0.46175485849380493,
    "f2": 0.6311198148477836,
    "recall": 0.6395069152134696,
    "precision": 0.5996616859317734,
    "tp": 2127,
    "fp": 1420,
    "fn": 1199,
    "tn": 31833,
    "fn_rate": 0.36049308478653036,
    "best_fbeta_on_sweep": 0.6933023015257306,
    "best_threshold_on_sweep": 0.27742189168930054
  },
  "operating_threshold": 0.46175485849380493
}