{
  "val": {
    "pr_auc": 0.7344054505717679,
    "roc_auc": 0.947747524564978,
    "threshold": 0.4719839096069336,
    "f2": 0.73297260381918,
    "recall": 0.8089578199739093,
    "precision": 0.5327923627684964,
    "tp": 5581,
    "fp": 4894,
    "fn": 1318,
    "tn": 64070,
    "fn_rate": 0.19104218002609075,
    "best_fbeta_on_sweep": 0.73297260381918,
    "best_threshold_on_sweep": 0.4719839096069336
  },
  "test": {
    "pr_auc": 0.6804431845994199,
    "roc_auc": 0.9408125777953491,
    "threshold": 0.4719839096069336,
    "f2": 0.6487444608567208,
    "recall": 0.6602525556223692,
    "precision": 0.6064623032311516,
    "tp": 2196,
    "fp": 1425,
    "fn": 1130,
    "tn": 31828,
    "fn_rate": 0.33974744437763077,
    "best_fbeta_on_sweep": 0.7049395691014189,
    "best_threshold_on_sweep": 0.3074173927307129
  },
  "operating_threshold": 0.4719839096069336
}