{
  "val": {
    "pr_auc": 0.7546493353458006,
    "roc_auc": 0.9498398970575296,
    "threshold": 0.5020607709884644,
    "f2": 0.7496080567586958,
    "recall": 0.8177996811132048,
    "precision": 0.5621201554249278,
    "tp": 5642,
    "fp": 4395,
    "fn": 1257,
    "tn": 64569,
    "fn_rate": 0.1822003188867952,
    "best_fbeta_on_sweep": 0.7496080567586957,
    "best_threshold_on_sweep": 0.5020607709884644
  },
  "test": {
    "pr_auc": 0.6534397289127767,
    "roc_auc": 0.9351402363761608,
    "threshold": 0.5020607709884644,
    "f2": 0.6234005832291852,
    "recall": 0.6298857486470234,
    "precision": 0.5987424978565304,
    "tp": 2095,
    "fp": 1404,
    "fn": 1231,
    "tn": 31849,
    "fn_rate": 0.37011425135297654,
    "best_fbeta_on_sweep": 0.6852686667702991,
    "best_threshold_on_sweep": 0.3020155429840088
  },
  "operating_threshold": 0.5020607709884644
}