{
  "val": {
    "pr_auc": 0.7740496397323011,
    "roc_auc": 0.95703114940916,
    "threshold": 0.5441030859947205,
    "f2": 0.7699820934396875,
    "recall": 0.8227279315842876,
    "precision": 0.6128266033254157,
    "tp": 5676,
    "fp": 3586,
    "fn": 1223,
    "tn": 65378,
    "fn_rate": 0.1772720684157124,
    "best_fbeta_on_sweep": 0.7699820934396874,
    "best_threshold_on_sweep": 0.5441030859947205
  },
  "test": {
    "pr_auc": 0.6724285467548897,
    "roc_auc": 0.9397145120341346,
    "threshold": 0.5441030859947205,
    "f2": 0.6261738867009997,
    "recall": 0.6214672279013831,
    "precision": 0.6457357075913777,
    "tp": 2067,
    "fp": 1134,
    "fn": 1259,
    "tn": 32119,
    "fn_rate": 0.37853277209861697,
    "best_fbeta_on_sweep": 0.6994996049512774,
    "best_threshold_on_sweep": 0.34548187255859375
  },
  "operating_threshold": 0.5441030859947205
}