{
  "val": {
    "pr_auc": 0.7611542393912031,
    "roc_auc": 0.9537440906103182,
    "threshold": 0.42911210656166077,
    "f2": 0.7543494854315269,
    "recall": 0.8308450500072474,
    "precision": 0.551312878715014,
    "tp": 5732,
    "fp": 4665,
    "fn": 1167,
    "tn": 64299,
    "fn_rate": 0.16915494999275257,
    "best_fbeta_on_sweep": 0.7543494854315268,
    "best_threshold_on_sweep": 0.42911210656166077
  },
  "test": {
    "pr_auc": 0.6505732975598468,
    "roc_auc": 0.931965026995878,
    "threshold": 0.42911210656166077,
    "f2": 0.6251475100306821,
    "recall": 0.6371016235718581,
    "precision": 0.5815038419319429,
    "tp": 2119,
    "fp": 1525,
    "fn": 1207,
    "tn": 31728,
    "fn_rate": 0.36289837642814193,
    "best_fbeta_on_sweep": 0.6731054977711738,
    "best_threshold_on_sweep": 0.1926247924566269
  },
  "operating_threshold": 0.42911210656166077
}