{
  "val": {
    "pr_auc": 0.7693324508697543,
    "roc_auc": 0.954344374181827,
    "threshold": 0.3358113169670105,
    "f2": 0.7621862711461824,
    "recall": 0.8372227859110016,
    "precision": 0.5610490529383195,
    "tp": 5776,
    "fp": 4519,
    "fn": 1123,
    "tn": 64445,
    "fn_rate": 0.1627772140889984,
    "best_fbeta_on_sweep": 0.7621862711461824,
    "best_threshold_on_sweep": 0.3358113169670105
  },
  "test": {
    "pr_auc": 0.6313307718063652,
    "roc_auc": 0.9237438896411428,
    "threshold": 0.3358113169670105,
    "f2": 0.6135655038531679,
    "recall": 0.6271797955502104,
    "precision": 0.5645466847090663,
    "tp": 2086,
    "fp": 1609,
    "fn": 1240,
    "tn": 31644,
    "fn_rate": 0.3728202044497895,
    "best_fbeta_on_sweep": 0.6517072173379677,
    "best_threshold_on_sweep": 0.09913057088851929
  },
  "operating_threshold": 0.3358113169670105
}