{
  "val": {
    "pr_auc": 0.7543018872339771,
    "roc_auc": 0.9491998978710101,
    "threshold": 0.3960835635662079,
    "f2": 0.7552870090634441,
    "recall": 0.8189592694593419,
    "precision": 0.5761190986030387,
    "tp": 5650,
    "fp": 4157,
    "fn": 1249,
    "tn": 64807,
    "fn_rate": 0.18104073054065806,
    "best_fbeta_on_sweep": 0.7552870090634441,
    "best_threshold_on_sweep": 0.3960835635662079
  },
  "test": {
    "pr_auc": 0.6004082532301342,
    "roc_auc": 0.9187009499267257,
    "threshold": 0.3960835635662079,
    "f2": 0.5805018609677032,
    "recall": 0.5814792543595911,
    "precision": 0.5766249254621347,
    "tp": 1934,
    "fp": 1420,
    "fn": 1392,
    "tn": 31833,
    "fn_rate": 0.4185207456404089,
    "best_fbeta_on_sweep": 0.6486579490708878,
    "best_threshold_on_sweep": 0.09301962703466415
  },
  "operating_threshold": 0.3960835635662079
}