{
  "val": {
    "pr_auc": 0.750969601830553,
    "roc_auc": 0.9522886160982134,
    "threshold": 0.4595473110675812,
    "f2": 0.746213422854273,
    "recall": 0.8183794752862734,
    "precision": 0.5516365412799218,
    "tp": 5646,
    "fp": 4589,
    "fn": 1253,
    "tn": 64375,
    "fn_rate": 0.18162052471372664,
    "best_fbeta_on_sweep": 0.7462134228542728,
    "best_threshold_on_sweep": 0.4595473110675812
  },
  "test": {
    "pr_auc": 0.6573040773252268,
    "roc_auc": 0.9345798630261167,
    "threshold": 0.4595473110675812,
    "f2": 0.6216505894962486,
    "recall": 0.6277811184606134,
    "precision": 0.5982808022922637,
    "tp": 2088,
    "fp": 1402,
    "fn": 1238,
    "tn": 31851,
    "fn_rate": 0.37221888153938665,
    "best_fbeta_on_sweep": 0.6936033789629027,
    "best_threshold_on_sweep": 0.2673080861568451
  },
  "operating_threshold": 0.4595473110675812
}