{
  "val": {
    "pr_auc": 0.7073203510713739,
    "roc_auc": 0.9470423811347332,
    "threshold": 0.47574058175086975,
    "f2": 0.7314915977316476,
    "recall": 0.8151906073343963,
    "precision": 0.5185321777613867,
    "tp": 5624,
    "fp": 5222,
    "fn": 1275,
    "tn": 63742,
    "fn_rate": 0.1848093926656037,
    "best_fbeta_on_sweep": 0.7314915977316476,
    "best_threshold_on_sweep": 0.47574058175086975
  },
  "test": {
    "pr_auc": 0.6682860204601762,
    "roc_auc": 0.9418899789020704,
    "threshold": 0.47574058175086975,
    "f2": 0.6559646539027982,
    "recall": 0.669573060733614,
    "precision": 0.6066466902751294,
    "tp": 2227,
    "fp": 1444,
    "fn": 1099,
    "tn": 31809,
    "fn_rate": 0.33042693926638605,
    "best_fbeta_on_sweep": 0.7127738385014287,
    "best_threshold_on_sweep": 0.333213210105896
  },
  "operating_threshold": 0.47574058175086975
}