{
  "val": {
    "pr_auc": 0.7989809514997203,
    "roc_auc": 0.958883247265039,
    "threshold": 0.41404929757118225,
    "f2": 0.7702363660372376,
    "recall": 0.8454848528772286,
    "precision": 0.5680202551368195,
    "tp": 5833,
    "fp": 4436,
    "fn": 1066,
    "tn": 64528,
    "fn_rate": 0.15451514712277142,
    "best_fbeta_on_sweep": 0.7702363660372376,
    "best_threshold_on_sweep": 0.41404929757118225
  },
  "test": {
    "pr_auc": 0.684143135651428,
    "roc_auc": 0.9376512925314167,
    "threshold": 0.41404929757118225,
    "f2": 0.6287371442238698,
    "recall": 0.632291040288635,
    "precision": 0.6149122807017544,
    "tp": 2103,
    "fp": 1317,
    "fn": 1223,
    "tn": 31936,
    "fn_rate": 0.367708959711365,
    "best_fbeta_on_sweep": 0.6884615384615383,
    "best_threshold_on_sweep": 0.20657789707183838
  },
  "operating_threshold": 0.41404929757118225
}