{
  "val": {
    "pr_auc": 0.7868938037471683,
    "roc_auc": 0.955935366460074,
    "threshold": 0.44811269640922546,
    "f2": 0.7695220578291093,
    "recall": 0.8247572111900275,
    "precision": 0.6069333333333333,
    "tp": 5690,
    "fp": 3685,
    "fn": 1209,
    "tn": 65279,
    "fn_rate": 0.17524278880997246,
    "best_fbeta_on_sweep": 0.7695220578291092,
    "best_threshold_on_sweep": 0.44811269640922546
  },
  "test": {
    "pr_auc": 0.667651637944001,
    "roc_auc": 0.9335580589268241,
    "threshold": 0.44811269640922546,
    "f2": 0.6165668300356991,
    "recall": 0.6127480457005412,
    "precision": 0.6323301272106733,
    "tp": 2038,
    "fp": 1185,
    "fn": 1288,
    "tn": 32068,
    "fn_rate": 0.3872519542994588,
    "best_fbeta_on_sweep": 0.6828352451005608,
    "best_threshold_on_sweep": 0.19877028465270996
  },
  "operating_threshold": 0.44811269640922546
}