{
  "val": {
    "pr_auc": 0.8453315508175852,
    "roc_auc": 0.9668072901256531,
    "threshold": 0.35145363211631775,
    "f2": 0.7862259544442358,
    "recall": 0.8495434120887085,
    "precision": 0.6056629120595226,
    "tp": 5861,
    "fp": 3816,
    "fn": 1038,
    "tn": 65148,
    "fn_rate": 0.1504565879112915,
    "best_fbeta_on_sweep": 0.7862259544442358,
    "best_threshold_on_sweep": 0.35145363211631775
  },
  "test": {
    "pr_auc": 0.7365673028193298,
    "roc_auc": 0.9489839997255682,
    "threshold": 0.35145363211631775,
    "f2": 0.6690750582193826,
    "recall": 0.6737823211064341,
    "precision": 0.6508858553586988,
    "tp": 2241,
    "fp": 1202,
    "fn": 1085,
    "tn": 32051,
    "fn_rate": 0.32621767889356584,
    "best_fbeta_on_sweep": 0.7188338683365785,
    "best_threshold_on_sweep": 0.238837331533432
  },
  "operating_threshold": 0.35145363211631775,
  "selection_meta": {
    "epoch": 12,
    "criterion": "max ensemble val PR-AUC",
    "val_pr_auc_at_pick": 0.8453315508175852
  },
  "xgb_weight": 0.5
}
