{
  "val": {
    "pr_auc": 0.7760729168559245,
    "roc_auc": 0.9544205518252667,
    "threshold": 0.49429887533187866,
    "f2": 0.7515157961918945,
    "recall": 0.8192491665458762,
    "precision": 0.564748201438849,
    "tp": 5652,
    "fp": 4356,
    "fn": 1247,
    "tn": 64608,
    "fn_rate": 0.1807508334541238,
    "best_fbeta_on_sweep": 0.7515157961918945,
    "best_threshold_on_sweep": 0.49429887533187866
  },
  "test": {
    "pr_auc": 0.6892109294671305,
    "roc_auc": 0.9408914660519465,
    "threshold": 0.49429887533187866,
    "f2": 0.6303501945525292,
    "recall": 0.6331930246542393,
    "precision": 0.6192296383416642,
    "tp": 2106,
    "fp": 1295,
    "fn": 1220,
    "tn": 31958,
    "fn_rate": 0.3668069753457607,
    "best_fbeta_on_sweep": 0.6911728546840423,
    "best_threshold_on_sweep": 0.39652401208877563
  },
  "operating_threshold": 0.49429887533187866,
  "selection_meta": {
    "epoch": 1,
    "criterion": "max val PR-AUC",
    "val_pr_auc_at_pick": 0.7760729168559245
  }
}
